{"bodyPosition":{"x":-0.3216952979564667,"y":0.9718765020370483,"z":0.005598089657723904},"bodyRotation":{"x":-0.01326834037899971,"y":0.7304150462150574,"z":-0.007565187755972147,"w":-0.6828328967094421},"muscles":[-0.2135414481163025,-0.010283317416906357,0.05026639997959137,-0.09816189855337143,0.029932966455817224,-0.0439867228269577,0.10878666490316391,-0.20196807384490968,0.09358925372362137,-0.19998984038829804,0.17353348433971406,1.7603191137313843,0.03642791882157326,0.07039333134889603,0.03630173206329346,-0.1034560278058052,-0.14015942811965943,-0.103531114757061,0.21023871004581452,0.0,0.0,0.5448716282844544,-0.010280830785632134,-0.29714763164520266,0.8099545240402222,0.0026479940861463548,0.30715328454971316,-0.14337430894374848,-0.28079551458358767,-0.011301825754344464,0.0690905973315239,0.02401491440832615,0.4087914824485779,-0.0200826283544302,-0.16550470888614655,-0.015302353538572789,0.24025613069534303,-0.4509313106536865,0.9636167287826538,-0.5183576941490173,0.008608785457909108,0.0003629240964073688,0.8227943181991577,0.07551231980323792,-0.05144119635224342,0.10359106212854386,-0.26527395844459536,0.5701094269752502,-0.15588311851024629,0.04764776676893234,0.40542131662368777,-0.07867393642663956,0.3308657705783844,-0.0635620579123497,0.3901466429233551,-1.4734147787094117,-0.1891949474811554,0.025888565927743913,0.2292301058769226,0.3809981048107147,-0.6676800847053528,-0.11861898005008698,0.10548974573612213,0.43469423055648806,-1.3815162181854249,-0.0909232646226883,0.10975297540426254,0.454802006483078,0.8198432326316834,-0.14337058365345,0.0661623626947403,0.5027731657028198,0.44087085127830508,-0.10460477322340012,0.024928076192736627,-1.2476615905761719,-0.1896592378616333,0.24793076515197755,0.13014623522758485,0.22819826006889344,-0.4174160659313202,-0.20214129984378816,-0.008539640344679356,0.280972957611084,-0.720056414604187,-0.1744690239429474,-0.004281087312847376,0.3008199632167816,0.14885476231575013,-0.22690054774284364,-0.04788258299231529,0.35595425963401797,0.15493358671665193,-0.1881360560655594,-0.08909893035888672]}